Area,Year,Quarter,Overall_hpi,Overall_YoY,Low_hpi,Low_YoY,Mid_hpi,Mid_YoY,High_hpi,High_YoY
"Amarillo",2004,1,100.000000000,,,,,,,
"Amarillo",2004,2,101.336392453,,,,,,,
"Amarillo",2004,3,101.681335934,,,,,,,
"Amarillo",2004,4,103.181833577,,,,,,,
"Amarillo",2005,1,104.128278047,0.041282780,,,,,,
"Amarillo",2005,2,106.776622305,0.053684858,,,,,,
"Amarillo",2005,3,108.113813862,0.063261146,,,,,,
"Amarillo",2005,4,109.107525138,0.057429601,,,,,,
"Amarillo",2006,1,108.108960683,0.038228641,,,,,,
"Amarillo",2006,2,111.419584233,0.043482944,,,,,,
"Amarillo",2006,3,112.074621339,0.036635535,,,,,,
"Amarillo",2006,4,112.142296921,0.027814504,,,,,,
"Amarillo",2007,1,112.921738077,0.044517839,,,,,,
"Amarillo",2007,2,114.711713474,0.029547132,,,,,,
"Amarillo",2007,3,116.126641518,0.036154663,,,,,,
"Amarillo",2007,4,113.099823192,0.008538493,,,,,,
"Amarillo",2008,1,113.973898124,0.009317604,,,,,,
"Amarillo",2008,2,115.476702575,0.006668796,,,,,,
"Amarillo",2008,3,115.688116130,-0.003776268,,,,,,
"Amarillo",2008,4,113.231399403,0.001163363,,,,,,
"Amarillo",2009,1,112.952708483,-0.008959855,,,,,,
"Amarillo",2009,2,114.065612413,-0.012219695,,,,,,
"Amarillo",2009,3,113.600193006,-0.018047861,,,,,,
"Amarillo",2009,4,115.386910502,0.019036337,,,,,,
"Amarillo",2010,1,112.781990164,-0.001511414,,,,,,
"Amarillo",2010,2,114.543782091,0.004192058,,,,,,
"Amarillo",2010,3,114.869377850,0.011172382,,,,,,
"Amarillo",2010,4,113.496558197,-0.016382727,,,,,,
"Amarillo",2011,1,112.980640405,0.001761364,,,,,,
"Amarillo",2011,2,113.859881638,-0.005970646,,,,,,
"Amarillo",2011,3,114.011966819,-0.007464226,,,,,,
"Amarillo",2011,4,112.511590807,-0.008678389,,,,,,
"Amarillo",2012,1,114.691350688,0.015141623,,,,,,
"Amarillo",2012,2,115.253233499,0.012237425,,,,,,
"Amarillo",2012,3,115.903705509,0.016592457,,,,,,
"Amarillo",2012,4,115.671237076,0.028082851,,,,,,
"Amarillo",2013,1,116.775390358,0.018170852,,,,,,
"Amarillo",2013,2,118.339532082,0.026778412,,,,,,
"Amarillo",2013,3,118.756970050,0.024617543,,,,,,
"Amarillo",2013,4,118.439021318,0.023928024,,,,,,
"Amarillo",2014,1,118.694345767,0.016432875,,,,,,
"Amarillo",2014,2,121.819519686,0.029406805,,,,,,
"Amarillo",2014,3,122.384738870,0.030547839,,,,,,
"Amarillo",2014,4,120.297440980,0.015690940,,,,,,
"Amarillo",2015,1,122.346477318,0.030769212,,,,,,
"Amarillo",2015,2,124.336570391,0.020662129,,,,,,
"Amarillo",2015,3,125.182050326,0.022856701,,,,,,
"Amarillo",2015,4,125.380938468,0.042257735,,,,,,
"Amarillo",2016,1,126.623326163,0.034956861,,,,,,
"Amarillo",2016,2,129.959663001,0.045224768,,,,,,
"Amarillo",2016,3,130.266099900,0.040613247,,,,,,
"Amarillo",2016,4,129.907548970,0.036102860,,,,,,
"Amarillo",2017,1,130.169144633,0.028002885,,,,,,
"Amarillo",2017,2,131.719648531,0.013542552,,,,,,
"Amarillo",2017,3,133.311008938,0.023374531,,,,,,
"Amarillo",2017,4,132.897769218,0.023018063,,,,,,
"Amarillo",2018,1,133.185121910,0.023169678,,,,,,
"Amarillo",2018,2,135.299960036,0.027181301,,,,,,
"Amarillo",2018,3,135.353650558,0.015322377,,,,,,
"Amarillo",2018,4,132.321487417,-0.004336278,,,,,,
"Amarillo",2019,1,135.924358453,0.020567136,,,,,,
"Amarillo",2019,2,138.536766359,0.023923187,,,,,,
"Amarillo",2019,3,138.677404718,0.024556073,,,,,,
"Amarillo",2019,4,137.978793643,0.042754252,,,,,,
"Amarillo",2020,1,139.486121688,0.026204009,,,,,,
"Amarillo",2020,2,142.148378199,0.026069699,,,,,,
"Austin-Round Rock",1999,1,100.000000000,,100.000000000,,100.000000000,,100.000000000,
"Austin-Round Rock",1999,2,103.564194247,,104.623104911,,102.990263789,,103.006429977,
"Austin-Round Rock",1999,3,105.788650711,,104.818674158,,106.396545188,,106.251950958,
"Austin-Round Rock",1999,4,106.862772000,,106.605196881,,106.953684142,,107.097373692,
"Austin-Round Rock",2000,1,110.855111979,0.108551119,109.213911507,0.092139115,110.796294920,0.107962949,112.178474020,0.121784740
"Austin-Round Rock",2000,2,116.794348776,0.127748346,115.266339295,0.101729291,116.537741400,0.131541342,118.358611253,0.149040999
"Austin-Round Rock",2000,3,121.260768300,0.146254985,119.138611712,0.136616282,119.842628718,0.126377068,124.162383639,0.168565682
"Austin-Round Rock",2000,4,123.701619052,0.157574492,124.019832870,0.163356351,122.606979478,0.146355831,124.277590064,0.160416785
"Austin-Round Rock",2001,1,126.179896914,0.138241571,126.550200298,0.158737001,126.073891214,0.137889054,125.550442201,0.119202621
"Austin-Round Rock",2001,2,127.775125442,0.094018047,130.622337532,0.133221878,127.076307916,0.090430502,125.209265276,0.057880486
"Austin-Round Rock",2001,3,126.577736937,0.043847393,129.515993090,0.087103427,126.067380672,0.051941049,123.817065703,-0.002781179
"Austin-Round Rock",2001,4,123.477998151,-0.001807744,128.288817049,0.034421786,123.574084948,0.007887850,118.671768478,-0.045107260
"Austin-Round Rock",2002,1,123.102924214,-0.024385601,128.530957477,0.015651948,123.867891611,-0.017497672,117.561925483,-0.063627945
"Austin-Round Rock",2002,2,125.182636908,-0.020289461,129.201058448,-0.010880827,124.430375211,-0.020821605,121.958951657,-0.025959050
"Austin-Round Rock",2002,3,124.861533756,-0.013558491,129.753882683,0.001836758,124.728080793,-0.010623682,120.368746445,-0.027850112
"Austin-Round Rock",2002,4,122.708737629,-0.006229940,126.524847658,-0.013749985,123.017664835,-0.004502724,118.838373163,0.001403911
"Austin-Round Rock",2003,1,122.435469957,-0.005421920,127.347984462,-0.009203798,121.565278342,-0.018589266,118.510799023,0.008071265
"Austin-Round Rock",2003,2,121.342877617,-0.030673257,125.107859211,-0.031680849,120.732915672,-0.029715087,118.341027764,-0.029665095
"Austin-Round Rock",2003,3,120.546936148,-0.034555058,124.022141111,-0.044173950,119.651229814,-0.040703352,117.982395534,-0.019825336
"Austin-Round Rock",2003,4,119.181445220,-0.028745242,120.846367486,-0.044880355,120.185516531,-0.023022289,116.621839744,-0.018651664
"Austin-Round Rock",2004,1,119.291683590,-0.025677088,118.750999520,-0.067507821,119.982058463,-0.013023619,119.026042703,0.004347651
"Austin-Round Rock",2004,2,121.468282587,0.001033476,121.877105929,-0.025823743,121.242171240,0.004218034,121.166487314,0.023875570
"Austin-Round Rock",2004,3,122.548400601,0.016603196,123.927401211,-0.000763895,122.370176094,0.022723930,121.096049898,0.026390838
"Austin-Round Rock",2004,4,122.903910217,0.031233595,122.833841609,0.016446287,123.433964258,0.027028612,122.159296000,0.047482154
"Austin-Round Rock",2005,1,123.801714108,0.037806747,124.209208061,0.045963474,123.690731133,0.030910227,123.133834764,0.034511708
"Austin-Round Rock",2005,2,126.725696171,0.043282192,127.539843433,0.046462684,125.242300040,0.032992883,127.127717764,0.049198673
"Austin-Round Rock",2005,3,128.966872959,0.052374998,129.115898355,0.041867231,128.443305901,0.049629166,129.035653467,0.065564513
"Austin-Round Rock",2005,4,130.454100702,0.061431653,130.953837232,0.066105525,129.600987568,0.049962126,130.655864135,0.069553185
"Austin-Round Rock",2006,1,132.451041496,0.069864358,133.096784018,0.071553277,131.188302617,0.060615467,132.953120553,0.079744822
"Austin-Round Rock",2006,2,135.838621011,0.071910631,135.901767033,0.065563226,135.001305334,0.077921000,136.347557019,0.072524225
"Austin-Round Rock",2006,3,137.846422837,0.068851400,137.733624158,0.066744110,136.866766057,0.065581153,138.802061837,0.075687673
"Austin-Round Rock",2006,4,138.451847656,0.061306980,138.437006555,0.057143566,137.721551496,0.062658194,139.084062087,0.064506847
"Austin-Round Rock",2007,1,140.698479863,0.062267825,139.936188923,0.051386702,139.978120498,0.067001536,141.910808971,0.067374788
"Austin-Round Rock",2007,2,144.993619088,0.067396135,145.425108769,0.070075186,143.875154426,0.065731579,145.667474565,0.068354121
"Austin-Round Rock",2007,3,145.747985147,0.057321489,145.742071126,0.058144458,144.905832518,0.058736439,146.521761882,0.055616609
"Austin-Round Rock",2007,4,144.248250959,0.041865842,145.327749705,0.049775297,143.037717570,0.038600829,144.291047787,0.037437687
"Austin-Round Rock",2008,1,143.814923666,0.022149804,145.536053911,0.040017275,143.133194776,0.022539767,142.800736254,0.006271032
"Austin-Round Rock",2008,2,145.991870812,0.006884797,147.997022623,0.017685486,144.968512533,0.007599353,145.334541825,-0.002285566
"Austin-Round Rock",2008,3,144.910512314,-0.005746033,146.837260372,0.007514571,144.309744430,-0.004113623,143.824506179,-0.018408567
"Austin-Round Rock",2008,4,141.470249078,-0.019258478,143.997543728,-0.009153145,140.567849911,-0.017267247,139.892195609,-0.030485967
"Austin-Round Rock",2009,1,139.850750626,-0.027564406,143.124532311,-0.016569925,140.118682137,-0.021060891,137.140645065,-0.039636288
"Austin-Round Rock",2009,2,142.165975353,-0.026206222,145.296172196,-0.018249356,142.346306070,-0.018088110,139.155493911,-0.042516031
"Austin-Round Rock",2009,3,142.738500411,-0.014988642,147.191558319,0.002412861,142.760977987,-0.010732237,138.610263385,-0.036254202
"Austin-Round Rock",2009,4,141.949879327,0.003390325,146.162839975,0.015037035,142.407600752,0.013087991,137.423465737,-0.017647373
"Austin-Round Rock",2010,1,141.787013695,0.013845210,145.811873077,0.018776241,141.463370541,0.009596781,138.742317713,0.011679051
"Austin-Round Rock",2010,2,142.440859667,0.001933545,145.681700996,0.002653399,142.299469006,-0.000329036,139.848449417,0.004979720
"Austin-Round Rock",2010,3,141.223155513,-0.010616231,143.569147486,-0.024610180,141.015114762,-0.012229274,139.694245276,0.007820358
"Austin-Round Rock",2010,4,138.374263499,-0.025189284,140.320991328,-0.039968083,138.033682973,-0.030714075,137.093550662,-0.002400718
"Austin-Round Rock",2011,1,138.539996065,-0.022900670,140.239179849,-0.038218377,137.869785352,-0.025402937,137.306828938,-0.010346437
"Austin-Round Rock",2011,2,139.945498251,-0.017518578,140.260174919,-0.037214873,139.560044747,-0.019251120,140.004252400,0.001114084
"Austin-Round Rock",2011,3,140.165162780,-0.007491637,141.519787494,-0.014274375,139.882192466,-0.008034048,139.303025680,-0.002800541
"Austin-Round Rock",2011,4,140.159947210,0.012904738,141.513647789,0.008499487,139.587165408,0.011254372,139.434641904,0.017076596
"Austin-Round Rock",2012,1,141.761879882,0.023255983,143.653756174,0.024348233,141.113298398,0.023525916,140.685047175,0.024603424
"Austin-Round Rock",2012,2,145.412952075,0.039068450,146.290513572,0.042993947,144.563185109,0.035849374,145.323617402,0.037994310
"Austin-Round Rock",2012,3,146.517847944,0.045322853,147.944806192,0.045400143,145.096165224,0.037274027,146.588739799,0.052301190
"Austin-Round Rock",2012,4,146.700610446,0.046665708,147.854428191,0.044806847,146.472509630,0.049326485,145.670269076,0.044720788
"Austin-Round Rock",2013,1,150.290900719,0.060164416,151.576508090,0.055151721,149.416889752,0.058843436,149.245343976,0.060847239
"Austin-Round Rock",2013,2,156.306274892,0.074913016,158.012745503,0.080129815,155.466789215,0.075424487,155.187511900,0.067875371
"Austin-Round Rock",2013,3,158.516517912,0.081892207,160.374147156,0.084013364,157.921585093,0.088392548,157.225792776,0.072563915
"Austin-Round Rock",2013,4,159.483954192,0.087138994,162.158883253,0.096746882,158.787342804,0.084076071,157.587446505,0.081809263
"Austin-Round Rock",2014,1,163.410674870,0.087295864,164.704005841,0.086606413,163.769331171,0.096056352,161.704165446,0.083478794
"Austin-Round Rock",2014,2,169.477972208,0.084268512,172.961726388,0.094606171,169.357454219,0.089348117,166.611144823,0.073611805
"Austin-Round Rock",2014,3,171.674493077,0.083006965,175.892489267,0.096763364,171.489495563,0.085915490,167.854963679,0.067604498
"Austin-Round Rock",2014,4,171.825514254,0.077384337,177.162119407,0.092521827,171.451314351,0.079754288,166.712178774,0.057902659
"Austin-Round Rock",2015,1,175.842526083,0.076077350,181.873074156,0.104241959,176.716994209,0.079060364,169.105580884,0.045771334
"Austin-Round Rock",2015,2,182.392205990,0.076200072,190.039945845,0.098739876,182.702595546,0.078798665,175.373128685,0.052589422
"Austin-Round Rock",2015,3,183.483407207,0.068786655,191.726517180,0.090021057,184.978415635,0.078657412,173.645045377,0.034494551
"Austin-Round Rock",2015,4,183.610367276,0.068586164,193.642969659,0.093026942,183.528182540,0.070439052,174.228402447,0.045085030
"Austin-Round Rock",2016,1,188.325071146,0.070987066,198.933614907,0.093804653,189.260184591,0.070978970,177.645732098,0.050501888
"Austin-Round Rock",2016,2,193.269369165,0.059636118,205.067599320,0.079076287,195.012021423,0.067374116,182.539962744,0.040866204
"Austin-Round Rock",2016,3,194.477856941,0.059920675,207.642640253,0.083014719,195.625908520,0.057560731,181.877423088,0.047409228
"Austin-Round Rock",2016,4,194.437146185,0.058966054,210.413531534,0.086605580,195.171391202,0.063440984,180.318779228,0.034956279
"Austin-Round Rock",2017,1,197.410466986,0.048243156,211.663682905,0.063991538,198.263210253,0.047569570,183.585841623,0.033437952
"Austin-Round Rock",2017,2,201.881573652,0.044560628,218.507419577,0.065538487,202.914266231,0.040521834,188.135774610,0.030655270
"Austin-Round Rock",2017,3,202.352133295,0.040489320,219.918162740,0.059118505,202.564476473,0.035468553,187.722865943,0.032139463
"Austin-Round Rock",2017,4,201.425163896,0.035939725,219.002246222,0.040818262,202.643357019,0.038284124,185.227755447,0.027223876
"Austin-Round Rock",2018,1,204.262010346,0.034707092,222.919593080,0.053178278,205.230063562,0.035139415,189.234137719,0.030766512
"Austin-Round Rock",2018,2,209.559733713,0.038032990,228.345827182,0.045025508,211.043412238,0.040061973,195.394198744,0.038580775
"Austin-Round Rock",2018,3,209.159041617,0.033638925,226.848859740,0.031514891,211.647418169,0.044839755,193.815558061,0.032455780
"Austin-Round Rock",2018,4,207.651744052,0.030912623,226.938906586,0.036240086,207.843930209,0.025663674,192.982557755,0.041866308
"Austin-Round Rock",2019,1,212.899087113,0.042284303,231.865749799,0.040131764,212.504972049,0.035447577,197.091355238,0.041521142
"Austin-Round Rock",2019,2,217.696731101,0.038829011,235.992639910,0.033487858,219.887655979,0.041907224,202.988520248,0.038866668
"Austin-Round Rock",2019,3,218.153639678,0.043003630,237.137114892,0.045352906,218.310776726,0.031483297,203.508008030,0.050008627
"Austin-Round Rock",2019,4,218.227536100,0.050930427,236.550991805,0.042355387,218.824646323,0.052831545,203.288709814,0.053404578
"Austin-Round Rock",2020,1,225.813311510,0.060658899,244.781871201,0.055705171,227.338164851,0.069801627,208.812111392,0.059468646
"Austin-Round Rock",2020,2,229.830752812,0.055738189,249.192828715,0.055934747,232.739941206,0.058449325,213.619794293,0.052373769
"Dallas-Fort Worth-Arlington",2005,1,100.000000000,,100.000000000,,100.000000000,,100.000000000,
"Dallas-Fort Worth-Arlington",2005,2,101.575969956,,101.795277632,,101.273813416,,101.595490395,
"Dallas-Fort Worth-Arlington",2005,3,102.704393717,,102.747863068,,102.078002332,,103.127781711,
"Dallas-Fort Worth-Arlington",2005,4,103.798966153,,104.464682767,,103.072031526,,103.786752795,
"Dallas-Fort Worth-Arlington",2006,1,104.316477772,0.043164777,103.954924925,0.039549249,104.264391481,0.042643914,104.696169062,0.046961690
"Dallas-Fort Worth-Arlington",2006,2,105.729786642,0.040893694,104.861096844,0.030117499,105.154286760,0.038316650,106.926812921,0.052475976
"Dallas-Fort Worth-Arlington",2006,3,106.742251759,0.039315338,105.473796824,0.026530320,105.960971419,0.038039234,108.567134577,0.052743817
"Dallas-Fort Worth-Arlington",2006,4,106.346353188,0.024541545,104.509895945,0.000432808,105.694652029,0.025444540,108.550174755,0.045896242
"Dallas-Fort Worth-Arlington",2007,1,106.555520273,0.021463938,104.490033060,0.005147501,106.410854834,0.020586734,108.542089017,0.036734103
"Dallas-Fort Worth-Arlington",2007,2,107.998815364,0.021460638,106.115031604,0.011958054,107.132442509,0.018811936,110.292008168,0.031471949
"Dallas-Fort Worth-Arlington",2007,3,107.905546760,0.010898168,105.591225486,0.001113344,106.920183809,0.009052506,110.708022102,0.019719480
"Dallas-Fort Worth-Arlington",2007,4,106.727833480,0.003587149,104.323320101,-0.001785245,105.843099787,0.001404496,109.535910167,0.009080919
"Dallas-Fort Worth-Arlington",2008,1,105.927214531,-0.005896510,102.865921538,-0.015543219,105.361043844,-0.009865638,108.971373691,0.003955006
"Dallas-Fort Worth-Arlington",2008,2,107.111097896,-0.008219696,104.633504393,-0.013961520,106.273271527,-0.008019708,109.821437948,-0.004266584
"Dallas-Fort Worth-Arlington",2008,3,106.908370173,-0.009241198,104.817164304,-0.007330733,106.731174159,-0.001767763,108.747610576,-0.017707944
"Dallas-Fort Worth-Arlington",2008,4,104.652867404,-0.019441658,101.373360175,-0.028277090,104.610427945,-0.011646218,107.186609229,-0.021447769
"Dallas-Fort Worth-Arlington",2009,1,103.589143688,-0.022072428,101.447064819,-0.013793263,103.731221355,-0.015468928,104.927260321,-0.037111704
"Dallas-Fort Worth-Arlington",2009,2,105.641138887,-0.013723685,104.235024045,-0.003808343,105.411216764,-0.008111679,106.316674416,-0.031913291
"Dallas-Fort Worth-Arlington",2009,3,105.761154417,-0.010730831,104.504130730,-0.002986472,105.775530411,-0.008953745,106.308941169,-0.022425038
"Dallas-Fort Worth-Arlington",2009,4,105.770390842,0.010678383,105.244856920,0.038190474,106.116511243,0.014397066,105.152879363,-0.018973730
"Dallas-Fort Worth-Arlington",2010,1,104.837870630,0.012054612,103.885583695,0.024037352,105.043731356,0.012652988,105.021177191,0.000895066
"Dallas-Fort Worth-Arlington",2010,2,106.177635390,0.005078480,105.268053067,0.009910574,106.306771715,0.008495822,106.238762094,-0.000732832
"Dallas-Fort Worth-Arlington",2010,3,105.041524652,-0.006804291,102.707162896,-0.017195184,105.870212053,0.000895118,105.974661534,-0.003144416
"Dallas-Fort Worth-Arlington",2010,4,104.144880472,-0.015368293,102.094077230,-0.029937611,104.828648239,-0.012136311,104.840477934,-0.002970926
"Dallas-Fort Worth-Arlington",2011,1,103.622599937,-0.011591905,102.244439593,-0.015797611,103.508558841,-0.014614603,104.033718702,-0.009402470
"Dallas-Fort Worth-Arlington",2011,2,104.885652376,-0.012168127,102.998059914,-0.021563932,104.742715833,-0.014712664,105.895855034,-0.003227701
"Dallas-Fort Worth-Arlington",2011,3,104.843462038,-0.001885564,103.533350153,0.008044105,104.589002046,-0.012101704,105.516924478,-0.004319306
"Dallas-Fort Worth-Arlington",2011,4,104.499323488,0.003403364,103.032073129,0.009187564,104.210835494,-0.005893548,105.326282409,0.004633749
"Dallas-Fort Worth-Arlington",2012,1,105.438777554,0.017526848,104.469900071,0.021766078,105.358956308,0.017876758,105.380158314,0.012942338
"Dallas-Fort Worth-Arlington",2012,2,107.352605345,0.023520404,106.184791906,0.030939728,107.558443719,0.026882326,107.667089153,0.016726189
"Dallas-Fort Worth-Arlington",2012,3,107.979269687,0.029909424,106.428394153,0.027962429,107.931002986,0.031953655,108.897582090,0.032039008
"Dallas-Fort Worth-Arlington",2012,4,108.292908907,0.036302487,106.962036203,0.038143103,108.508995470,0.041244847,108.277451258,0.028019301
"Dallas-Fort Worth-Arlington",2013,1,109.930047786,0.042596000,109.133734289,0.044642851,109.961154776,0.043681131,109.806236913,0.042001062
"Dallas-Fort Worth-Arlington",2013,2,113.609276249,0.058281500,112.053761866,0.055271285,114.016935631,0.060046349,113.989547816,0.058722295
"Dallas-Fort Worth-Arlington",2013,3,115.484892211,0.069509847,114.174224465,0.072779734,115.796627264,0.072876412,115.694900004,0.062419364
"Dallas-Fort Worth-Arlington",2013,4,116.230468375,0.073297130,115.608484352,0.080836607,116.446647531,0.073152018,115.520708045,0.066895338
"Dallas-Fort Worth-Arlington",2014,1,118.059417146,0.073950385,117.342078849,0.075213632,118.137131419,0.074353317,117.710626267,0.071984885
"Dallas-Fort Worth-Arlington",2014,2,121.493570777,0.069398334,120.273295446,0.073353481,122.281090592,0.072481819,121.338943239,0.064474292
"Dallas-Fort Worth-Arlington",2014,3,123.267503303,0.067390729,122.086722408,0.069301963,123.949498184,0.070406808,122.804698503,0.061452998
"Dallas-Fort Worth-Arlington",2014,4,123.902695335,0.066008741,123.244994873,0.066054931,124.815693649,0.071870219,122.607390328,0.061345557
"Dallas-Fort Worth-Arlington",2015,1,126.682401863,0.073039363,125.872816759,0.072699733,127.769184758,0.081532818,125.354578154,0.064938503
"Dallas-Fort Worth-Arlington",2015,2,131.000047764,0.078246749,130.218840777,0.082691218,133.307163224,0.090169891,129.341367176,0.065950994
"Dallas-Fort Worth-Arlington",2015,3,132.814245269,0.077447354,132.978893706,0.089216673,134.759642530,0.087214103,129.948460766,0.058171734
"Dallas-Fort Worth-Arlington",2015,4,133.861593966,0.080376771,134.130152840,0.088321298,135.355106361,0.084439804,130.755352752,0.066455720
"Dallas-Fort Worth-Arlington",2016,1,136.497328350,0.077476637,137.359376492,0.091255284,139.062268256,0.088386597,131.993461865,0.052960839
"Dallas-Fort Worth-Arlington",2016,2,140.983892886,0.076212530,142.326018400,0.092975621,144.164381569,0.081445123,136.258145565,0.053476923
"Dallas-Fort Worth-Arlington",2016,3,143.135634379,0.077712967,145.333527644,0.092906728,146.135354750,0.084414829,136.803194305,0.052749632
"Dallas-Fort Worth-Arlington",2016,4,143.995170452,0.075701896,147.250380791,0.097817140,147.255525254,0.087919984,136.489687560,0.043855449
"Dallas-Fort Worth-Arlington",2017,1,147.206494291,0.078456963,151.027054287,0.099503056,150.698133963,0.083673780,138.974481639,0.052889133
"Dallas-Fort Worth-Arlington",2017,2,150.640410138,0.068493762,155.806629145,0.094716418,154.842477413,0.074068890,142.374156489,0.044885470
"Dallas-Fort Worth-Arlington",2017,3,152.265899972,0.063787509,158.280254002,0.089082860,156.270576977,0.069355032,142.029079612,0.038200024
"Dallas-Fort Worth-Arlington",2017,4,152.387514904,0.058282124,159.479662577,0.083050934,156.422839081,0.062254464,140.947501892,0.032660447
"Dallas-Fort Worth-Arlington",2018,1,154.534055265,0.049777430,162.995147006,0.079244694,158.303804845,0.050469575,142.697393464,0.026788456
"Dallas-Fort Worth-Arlington",2018,2,157.990163404,0.048790050,168.658640426,0.082486934,162.298955277,0.048155247,146.081473008,0.026039251
"Dallas-Fort Worth-Arlington",2018,3,157.628980927,0.035221812,168.060693868,0.061791914,161.458847923,0.033200561,145.265744654,0.022788748
"Dallas-Fort Worth-Arlington",2018,4,157.988870525,0.036757313,169.772170033,0.064538056,160.768593521,0.027782096,144.285764421,0.023684439
"Dallas-Fort Worth-Arlington",2019,1,159.676110429,0.033274575,172.055549606,0.055586947,162.414606527,0.025967800,145.593544062,0.020295749
"Dallas-Fort Worth-Arlington",2019,2,161.841121199,0.024374668,176.268391477,0.045119248,166.045253460,0.023082700,147.842798006,0.012057141
"Dallas-Fort Worth-Arlington",2019,3,162.574340589,0.031373416,177.737894059,0.057581579,165.714250287,0.026355956,148.186306358,0.020104958
"Dallas-Fort Worth-Arlington",2019,4,162.434991013,0.028141985,177.659995039,0.046461236,165.510978738,0.029498206,147.274507368,0.020714052
"Dallas-Fort Worth-Arlington",2020,1,164.422090547,0.029722543,182.555094753,0.061024158,166.602150396,0.025783049,148.852510631,0.022384004
"Dallas-Fort Worth-Arlington",2020,2,167.372545225,0.034178112,186.770766370,0.059581725,170.426484914,0.026385767,151.351515811,0.023732761
"Dallas-Plano-Irving",2005,1,100.000000000,,,,,,,
"Dallas-Plano-Irving",2005,2,101.709044284,,,,,,,
"Dallas-Plano-Irving",2005,3,102.880871653,,,,,,,
"Dallas-Plano-Irving",2005,4,103.789144643,,,,,,,
"Dallas-Plano-Irving",2006,1,104.521161077,0.045211610,,,,,,
"Dallas-Plano-Irving",2006,2,105.824692536,0.040464919,,,,,,
"Dallas-Plano-Irving",2006,3,106.793615568,0.038031792,,,,,,
"Dallas-Plano-Irving",2006,4,106.669752055,0.027754419,,,,,,
"Dallas-Plano-Irving",2007,1,107.099462763,0.024667748,,,,,,
"Dallas-Plano-Irving",2007,2,108.202145861,0.022465960,,,,,,
"Dallas-Plano-Irving",2007,3,108.277084323,0.013890987,,,,,,
"Dallas-Plano-Irving",2007,4,106.791615931,0.001142440,,,,,,
"Dallas-Plano-Irving",2008,1,106.049309085,-0.009805405,,,,,,
"Dallas-Plano-Irving",2008,2,107.253498379,-0.008767362,,,,,,
"Dallas-Plano-Irving",2008,3,106.821885769,-0.013439580,,,,,,
"Dallas-Plano-Irving",2008,4,104.472382190,-0.021717376,,,,,,
"Dallas-Plano-Irving",2009,1,103.664263753,-0.022489965,,,,,,
"Dallas-Plano-Irving",2009,2,105.338219055,-0.017857499,,,,,,
"Dallas-Plano-Irving",2009,3,105.695755339,-0.010542132,,,,,,
"Dallas-Plano-Irving",2009,4,105.760497866,0.012329724,,,,,,
"Dallas-Plano-Irving",2010,1,104.653868146,0.009546244,,,,,,
"Dallas-Plano-Irving",2010,2,106.304113671,0.009169460,,,,,,
"Dallas-Plano-Irving",2010,3,105.043464557,-0.006171399,,,,,,
"Dallas-Plano-Irving",2010,4,104.273900326,-0.014056264,,,,,,
"Dallas-Plano-Irving",2011,1,103.580792451,-0.010253569,,,,,,
"Dallas-Plano-Irving",2011,2,105.225889019,-0.010142830,,,,,,
"Dallas-Plano-Irving",2011,3,105.095405102,0.000494467,,,,,,
"Dallas-Plano-Irving",2011,4,104.499093952,0.002159635,,,,,,
"Dallas-Plano-Irving",2012,1,105.534907791,0.018865614,,,,,,
"Dallas-Plano-Irving",2012,2,107.669526493,0.023222778,,,,,,
"Dallas-Plano-Irving",2012,3,108.431927816,0.031747560,,,,,,
"Dallas-Plano-Irving",2012,4,108.893905554,0.042055978,,,,,,
"Dallas-Plano-Irving",2013,1,110.633280742,0.048309825,,,,,,
"Dallas-Plano-Irving",2013,2,114.537215023,0.063784886,,,,,,
"Dallas-Plano-Irving",2013,3,116.507470856,0.074475693,,,,,,
"Dallas-Plano-Irving",2013,4,117.562087865,0.079602088,,,,,,
"Dallas-Plano-Irving",2014,1,119.501933186,0.080162609,,,,,,
"Dallas-Plano-Irving",2014,2,123.034147635,0.074184906,,,,,,
"Dallas-Plano-Irving",2014,3,125.027909652,0.073132123,,,,,,
"Dallas-Plano-Irving",2014,4,125.687282457,0.069114071,,,,,,
"Dallas-Plano-Irving",2015,1,129.135656045,0.080615623,,,,,,
"Dallas-Plano-Irving",2015,2,133.702667126,0.086711857,,,,,,
"Dallas-Plano-Irving",2015,3,135.413812442,0.083068674,,,,,,
"Dallas-Plano-Irving",2015,4,136.376695132,0.085047687,,,,,,
"Dallas-Plano-Irving",2016,1,139.331662776,0.078955782,,,,,,
"Dallas-Plano-Irving",2016,2,143.837697754,0.075802755,,,,,,
"Dallas-Plano-Irving",2016,3,145.809196955,0.076767534,,,,,,
"Dallas-Plano-Irving",2016,4,146.440487927,0.073794080,,,,,,
"Dallas-Plano-Irving",2017,1,149.825104435,0.075312685,,,,,,
"Dallas-Plano-Irving",2017,2,153.014298010,0.063798297,,,,,,
"Dallas-Plano-Irving",2017,3,154.270234505,0.058028147,,,,,,
"Dallas-Plano-Irving",2017,4,153.739065197,0.049839886,,,,,,
"Dallas-Plano-Irving",2018,1,156.078382244,0.041737183,,,,,,
"Dallas-Plano-Irving",2018,2,159.163672814,0.040188236,,,,,,
"Dallas-Plano-Irving",2018,3,158.326132767,0.026290867,,,,,,
"Dallas-Plano-Irving",2018,4,158.549754573,0.031291262,,,,,,
"Dallas-Plano-Irving",2019,1,160.111664049,0.025841386,,,,,,
"Dallas-Plano-Irving",2019,2,161.892755997,0.017146394,,,,,,
"Dallas-Plano-Irving",2019,3,162.559661868,0.026739294,,,,,,
"Dallas-Plano-Irving",2019,4,161.882246830,0.021018589,,,,,,
"Dallas-Plano-Irving",2020,1,164.242832417,0.025801795,,,,,,
"Dallas-Plano-Irving",2020,2,166.857720034,0.030668228,,,,,,
"El Paso",2004,1,100.000000000,,,,,,,
"El Paso",2004,2,102.721062452,,,,,,,
"El Paso",2004,3,102.852538487,,,,,,,
"El Paso",2004,4,103.866368834,,,,,,,
"El Paso",2005,1,107.012185337,0.070121853,,,,,,
"El Paso",2005,2,110.414154166,0.074893031,,,,,,
"El Paso",2005,3,113.898743278,0.107398465,,,,,,
"El Paso",2005,4,117.959524148,0.135685453,,,,,,
"El Paso",2006,1,121.515937988,0.135533655,,,,,,
"El Paso",2006,2,125.376701558,0.135512946,,,,,,
"El Paso",2006,3,128.972725410,0.132345464,,,,,,
"El Paso",2006,4,130.585477300,0.107036318,,,,,,
"El Paso",2007,1,131.977082208,0.086088659,,,,,,
"El Paso",2007,2,132.927023725,0.060221094,,,,,,
"El Paso",2007,3,132.145590129,0.024601051,,,,,,
"El Paso",2007,4,131.900849468,0.010072882,,,,,,
"El Paso",2008,1,129.716120117,-0.017131475,,,,,,
"El Paso",2008,2,130.070286759,-0.021491017,,,,,,
"El Paso",2008,3,128.553447592,-0.027183219,,,,,,
"El Paso",2008,4,126.151084831,-0.043591566,,,,,,
"El Paso",2009,1,125.559999352,-0.032040125,,,,,,
"El Paso",2009,2,125.880391565,-0.032212546,,,,,,
"El Paso",2009,3,125.423322388,-0.024348823,,,,,,
"El Paso",2009,4,125.991018867,-0.001268843,,,,,,
"El Paso",2010,1,125.338368417,-0.001765139,,,,,,
"El Paso",2010,2,126.076532866,0.001558156,,,,,,
"El Paso",2010,3,125.805090351,0.003043835,,,,,,
"El Paso",2010,4,125.503299345,-0.003871065,,,,,,
"El Paso",2011,1,124.622306990,-0.005713026,,,,,,
"El Paso",2011,2,123.903795634,-0.017233478,,,,,,
"El Paso",2011,3,125.432739450,-0.002959744,,,,,,
"El Paso",2011,4,123.581491114,-0.015312810,,,,,,
"El Paso",2012,1,121.312320305,-0.026560146,,,,,,
"El Paso",2012,2,123.914025032,0.000082559,,,,,,
"El Paso",2012,3,123.957592155,-0.011760464,,,,,,
"El Paso",2012,4,124.593741518,0.008190954,,,,,,
"El Paso",2013,1,124.034685475,0.022440961,,,,,,
"El Paso",2013,2,124.504285103,0.004763464,,,,,,
"El Paso",2013,3,125.540769281,0.012771925,,,,,,
"El Paso",2013,4,123.163413692,-0.011479933,,,,,,
"El Paso",2014,1,123.063777002,-0.007827717,,,,,,
"El Paso",2014,2,124.956259927,0.003630194,,,,,,
"El Paso",2014,3,125.938691812,0.003169667,,,,,,
"El Paso",2014,4,124.743645739,0.012830369,,,,,,
"El Paso",2015,1,125.111734151,0.016641429,,,,,,
"El Paso",2015,2,126.427775402,0.011776244,,,,,,
"El Paso",2015,3,125.469025934,-0.003729321,,,,,,
"El Paso",2015,4,126.571389027,0.014651995,,,,,,
"El Paso",2016,1,126.749368776,0.013089376,,,,,,
"El Paso",2016,2,126.720163095,0.002312685,,,,,,
"El Paso",2016,3,127.904897692,0.019414128,,,,,,
"El Paso",2016,4,127.532234682,0.007591333,,,,,,
"El Paso",2017,1,126.985074475,0.001859620,,,,,,
"El Paso",2017,2,130.523614194,0.030014569,,,,,,
"El Paso",2017,3,131.059905594,0.024666826,,,,,,
"El Paso",2017,4,130.597505323,0.024035261,,,,,,
"El Paso",2018,1,131.183550578,0.033062752,,,,,,
"El Paso",2018,2,133.912049414,0.025960323,,,,,,
"El Paso",2018,3,135.423350283,0.033293513,,,,,,
"El Paso",2018,4,135.235722327,0.035515356,,,,,,
"El Paso",2019,1,135.393151065,0.032089392,,,,,,
"El Paso",2019,2,138.157152101,0.031700677,,,,,,
"El Paso",2019,3,138.056101993,0.019440899,,,,,,
"El Paso",2019,4,137.589248480,0.017403139,,,,,,
"El Paso",2020,1,139.320298106,0.029005507,,,,,,
"El Paso",2020,2,142.003310854,0.027839013,,,,,,
"Fort Worth-Arlington",2005,1,100.000000000,,,,,,,
"Fort Worth-Arlington",2005,2,101.405658071,,,,,,,
"Fort Worth-Arlington",2005,3,102.284488583,,,,,,,
"Fort Worth-Arlington",2005,4,103.908194335,,,,,,,
"Fort Worth-Arlington",2006,1,103.914488101,0.039144881,,,,,,
"Fort Worth-Arlington",2006,2,105.569939531,0.041065573,,,,,,
"Fort Worth-Arlington",2006,3,106.556351753,0.041764525,,,,,,
"Fort Worth-Arlington",2006,4,105.622808001,0.016501236,,,,,,
"Fort Worth-Arlington",2007,1,105.641385949,0.016618451,,,,,,
"Fort Worth-Arlington",2007,2,107.645239342,0.019658056,,,,,,
"Fort Worth-Arlington",2007,3,107.145125698,0.005525470,,,,,,
"Fort Worth-Arlington",2007,4,106.520648320,0.008500439,,,,,,
"Fort Worth-Arlington",2008,1,105.726713910,0.000807713,,,,,,
"Fort Worth-Arlington",2008,2,106.806456743,-0.007792101,,,,,,
"Fort Worth-Arlington",2008,3,107.001676612,-0.001338829,,,,,,
"Fort Worth-Arlington",2008,4,104.782938571,-0.016313360,,,,,,
"Fort Worth-Arlington",2009,1,103.346385250,-0.022513975,,,,,,
"Fort Worth-Arlington",2009,2,106.181541696,-0.005850910,,,,,,
"Fort Worth-Arlington",2009,3,105.862563205,-0.010645752,,,,,,
"Fort Worth-Arlington",2009,4,105.607939954,0.007873432,,,,,,
"Fort Worth-Arlington",2010,1,104.831158040,0.014366954,,,,,,
"Fort Worth-Arlington",2010,2,105.906560176,-0.002589729,,,,,,
"Fort Worth-Arlington",2010,3,104.873778649,-0.009340266,,,,,,
"Fort Worth-Arlington",2010,4,103.924357945,-0.015941812,,,,,,
"Fort Worth-Arlington",2011,1,103.697240107,-0.010816611,,,,,,
"Fort Worth-Arlington",2011,2,104.311424161,-0.015061729,,,,,,
"Fort Worth-Arlington",2011,3,104.265662635,-0.005798551,,,,,,
"Fort Worth-Arlington",2011,4,104.346973641,0.004066570,,,,,,
"Fort Worth-Arlington",2012,1,105.189437644,0.014389944,,,,,,
"Fort Worth-Arlington",2012,2,106.806961175,0.023923908,,,,,,
"Fort Worth-Arlington",2012,3,107.081994113,0.027011111,,,,,,
"Fort Worth-Arlington",2012,4,107.151453633,0.026876486,,,,,,
"Fort Worth-Arlington",2013,1,108.657765177,0.032972203,,,,,,
"Fort Worth-Arlington",2013,2,111.851323753,0.047228780,,,,,,
"Fort Worth-Arlington",2013,3,113.669314776,0.061516604,,,,,,
"Fort Worth-Arlington",2013,4,113.837684716,0.062399816,,,,,,
"Fort Worth-Arlington",2014,1,115.340016405,0.061498147,,,,,,
"Fort Worth-Arlington",2014,2,118.680403503,0.061054974,,,,,,
"Fort Worth-Arlington",2014,3,120.097411770,0.056550855,,,,,,
"Fort Worth-Arlington",2014,4,120.641605444,0.059768614,,,,,,
"Fort Worth-Arlington",2015,1,122.427450828,0.061448182,,,,,,
"Fort Worth-Arlington",2015,2,126.363952279,0.064741512,,,,,,
"Fort Worth-Arlington",2015,3,128.387877771,0.069031179,,,,,,
"Fort Worth-Arlington",2015,4,129.542088276,0.073776230,,,,,,
"Fort Worth-Arlington",2016,1,131.726997642,0.075959654,,,,,,
"Fort Worth-Arlington",2016,2,136.271632251,0.078405904,,,,,,
"Fort Worth-Arlington",2016,3,138.837959303,0.081394612,,,,,,
"Fort Worth-Arlington",2016,4,139.997149723,0.080707834,,,,,,
"Fort Worth-Arlington",2017,1,142.894805424,0.084779946,,,,,,
"Fort Worth-Arlington",2017,2,146.887426677,0.077901719,,,,,,
"Fort Worth-Arlington",2017,3,148.859129463,0.072178892,,,,,,
"Fort Worth-Arlington",2017,4,150.050115421,0.071808359,,,,,,
"Fort Worth-Arlington",2018,1,152.010913748,0.063795939,,,,,,
"Fort Worth-Arlington",2018,2,155.958906081,0.061758038,,,,,,
"Fort Worth-Arlington",2018,3,156.140634428,0.048915407,,,,,,
"Fort Worth-Arlington",2018,4,156.900386928,0.045653223,,,,,,
"Fort Worth-Arlington",2019,1,158.817421617,0.044776442,,,,,,
"Fort Worth-Arlington",2019,2,161.520758152,0.035662292,,,,,,
"Fort Worth-Arlington",2019,3,162.488811174,0.040656788,,,,,,
"Fort Worth-Arlington",2019,4,163.193553944,0.040109314,,,,,,
"Fort Worth-Arlington",2020,1,164.739620338,0.037289351,,,,,,
"Fort Worth-Arlington",2020,2,168.397262042,0.042573499,,,,,,
"Houston-The Woodlands-Sugar Land",2000,1,100.000000000,,100.000000000,,100.000000000,,100.000000000,
"Houston-The Woodlands-Sugar Land",2000,2,102.136962214,,102.719805655,,102.069093965,,101.689867965,
"Houston-The Woodlands-Sugar Land",2000,3,103.623025283,,104.810391389,,103.324584979,,102.740989662,
"Houston-The Woodlands-Sugar Land",2000,4,104.071970161,,106.332286458,,103.531389240,,102.248247488,
"Houston-The Woodlands-Sugar Land",2001,1,104.925806707,0.049258067,107.927022356,0.079270223,104.014138114,0.040141381,102.861906222,0.028619062
"Houston-The Woodlands-Sugar Land",2001,2,107.058977534,0.048190343,110.792381505,0.078588309,106.498543044,0.043396574,103.894452353,0.021679489
"Houston-The Woodlands-Sugar Land",2001,3,108.052506367,0.042746108,112.013174261,0.068722030,106.681366444,0.032487732,105.410689462,0.025984758
"Houston-The Woodlands-Sugar Land",2001,4,108.629575788,0.043792825,113.252445558,0.065080506,107.822173805,0.041444286,104.836306987,0.025311529
"Houston-The Woodlands-Sugar Land",2002,1,109.670470237,0.045219223,114.625814598,0.062067794,109.326475041,0.051073219,105.050788981,0.021279819
"Houston-The Woodlands-Sugar Land",2002,2,110.842085430,0.035336671,117.015834669,0.056172212,110.197774012,0.034735038,105.849961248,0.018822072
"Houston-The Woodlands-Sugar Land",2002,3,112.023250349,0.036748282,118.509338117,0.057994641,111.294926221,0.043246163,106.697453009,0.012207144
"Houston-The Woodlands-Sugar Land",2002,4,112.577774623,0.036345523,118.735866546,0.048417682,111.608782748,0.035119018,107.736038470,0.027659611
"Houston-The Woodlands-Sugar Land",2003,1,112.500154242,0.025801694,119.593292547,0.043336468,111.767272001,0.022325762,106.516722187,0.013954518
"Houston-The Woodlands-Sugar Land",2003,2,113.411057114,0.023176861,121.468605335,0.038052718,112.647673911,0.022231845,106.919447812,0.010103797
"Houston-The Woodlands-Sugar Land",2003,3,113.975885638,0.017430625,121.770553592,0.027518637,112.865638575,0.014113063,108.141877353,0.013537570
"Houston-The Woodlands-Sugar Land",2003,4,113.682564445,0.009813569,122.391967853,0.030791886,112.415291294,0.007226210,107.138645483,-0.005544968
"Houston-The Woodlands-Sugar Land",2004,1,114.147002266,0.014638629,121.899343150,0.019282440,112.743640357,0.008735726,108.230390592,0.016088257
"Houston-The Woodlands-Sugar Land",2004,2,115.297519202,0.016633846,123.757043014,0.018839746,113.470678441,0.007306005,109.432840282,0.023507346
"Houston-The Woodlands-Sugar Land",2004,3,116.083648712,0.018493061,125.255152554,0.028616105,114.019693997,0.010225037,109.827360854,0.015585853
"Houston-The Woodlands-Sugar Land",2004,4,115.805439840,0.018673711,124.645033873,0.018408610,114.086156051,0.014863322,109.580423125,0.022790820
"Houston-The Woodlands-Sugar Land",2005,1,116.463480704,0.020293817,124.999823033,0.025434754,114.279014479,0.013618276,110.750248624,0.023282351
"Houston-The Woodlands-Sugar Land",2005,2,117.828132037,0.021948545,127.030712234,0.026452387,115.209301612,0.015322224,112.104104434,0.024410077
"Houston-The Woodlands-Sugar Land",2005,3,118.924478210,0.024472262,128.094340828,0.022667237,116.606031860,0.022683255,113.030302274,0.029163419
"Houston-The Woodlands-Sugar Land",2005,4,119.479770114,0.031728477,128.754236213,0.032967236,117.021596420,0.025730031,113.586509219,0.036558410
"Houston-The Woodlands-Sugar Land",2006,1,121.132830354,0.040092822,130.259799332,0.042079869,118.452470694,0.036519882,115.547462361,0.043315602
"Houston-The Woodlands-Sugar Land",2006,2,122.868741829,0.042779340,132.422789314,0.042447034,119.917869987,0.040869689,117.414726066,0.047372231
"Houston-The Woodlands-Sugar Land",2006,3,123.917188388,0.041982191,133.329959963,0.040873149,120.872273507,0.036586800,118.582059785,0.049117426
"Houston-The Woodlands-Sugar Land",2006,4,124.086469190,0.038556310,132.260829336,0.027234778,121.437969050,0.037739808,119.331876755,0.050581425
"Houston-The Woodlands-Sugar Land",2007,1,124.214248748,0.025438342,131.443562159,0.009087706,121.275447554,0.023832148,120.675779711,0.044382777
"Houston-The Woodlands-Sugar Land",2007,2,126.422571809,0.028923792,133.553204730,0.008536411,122.831240593,0.024294716,123.264360624,0.049820280
"Houston-The Woodlands-Sugar Land",2007,3,126.385153326,0.019916243,132.869535282,-0.003453272,123.117137875,0.018572202,123.541542705,0.041823214
"Houston-The Woodlands-Sugar Land",2007,4,125.088387983,0.008074359,130.517338891,-0.013182213,121.807169157,0.003040236,123.217692456,0.032563098
"Houston-The Woodlands-Sugar Land",2008,1,124.369706899,0.001251532,129.188494216,-0.017156168,121.482333585,0.001705918,122.682417944,0.016628342
"Houston-The Woodlands-Sugar Land",2008,2,125.840402560,-0.004604947,130.602531750,-0.022093614,122.790955643,-0.000327969,123.984497489,0.005842214
"Houston-The Woodlands-Sugar Land",2008,3,126.135537547,-0.001975040,130.997625132,-0.014088332,122.681739642,-0.003536455,124.568925365,0.008316090
"Houston-The Woodlands-Sugar Land",2008,4,123.843060988,-0.009955576,127.831478108,-0.020578574,121.183570263,-0.005119558,122.141392964,-0.008734942
"Houston-The Woodlands-Sugar Land",2009,1,122.779102364,-0.012789324,127.014572217,-0.016827520,120.883315174,-0.004930909,120.310292620,-0.019335495
"Houston-The Woodlands-Sugar Land",2009,2,124.998819819,-0.006687699,129.979170048,-0.004772967,122.642681381,-0.001207534,122.227809761,-0.014168607
"Houston-The Woodlands-Sugar Land",2009,3,125.757719745,-0.002995331,131.372363549,0.002860650,123.097442515,0.003388465,122.735452979,-0.014718537
"Houston-The Woodlands-Sugar Land",2009,4,125.491740293,0.013312649,131.739707702,0.030573295,123.419214229,0.018448408,121.554558235,-0.004804552
"Houston-The Woodlands-Sugar Land",2010,1,124.518875920,0.014169948,129.724623300,0.021336536,122.400905486,0.012554175,121.515729341,0.010019398
"Houston-The Woodlands-Sugar Land",2010,2,125.983558462,0.007877983,131.423928616,0.011115308,123.443319603,0.006528218,123.099440967,0.007131202
"Houston-The Woodlands-Sugar Land",2010,3,124.625272244,-0.009004993,128.314132207,-0.023279107,122.361005202,-0.005982555,122.569924211,-0.001348663
"Houston-The Woodlands-Sugar Land",2010,4,122.464340057,-0.024124298,127.076842513,-0.035394531,119.390992611,-0.032638529,120.136916201,-0.011662598
"Houston-The Woodlands-Sugar Land",2011,1,121.567077962,-0.023705626,125.304991003,-0.034069339,118.527094816,-0.031648545,119.891732859,-0.013364496
"Houston-The Woodlands-Sugar Land",2011,2,123.200272611,-0.022092453,126.881933563,-0.034559878,119.950827582,-0.028292272,121.868179159,-0.010002172
"Houston-The Woodlands-Sugar Land",2011,3,123.519603315,-0.008871947,127.997612280,-0.002466758,119.930921499,-0.019859952,121.864504784,-0.005755240
"Houston-The Woodlands-Sugar Land",2011,4,122.260306613,-0.001666064,126.285033646,-0.006230945,118.944471942,-0.003739986,120.773851113,0.005301741
"Houston-The Woodlands-Sugar Land",2012,1,123.047752758,0.012179899,128.472680942,0.025279838,119.039701138,0.004324802,121.197065087,0.010887591
"Houston-The Woodlands-Sugar Land",2012,2,125.648265650,0.019870029,129.070809941,0.017251284,121.947058333,0.016642075,124.831867000,0.024318799
"Houston-The Woodlands-Sugar Land",2012,3,126.555362391,0.024577143,130.258795514,0.017665823,123.156949811,0.026899053,125.514812087,0.029953818
"Houston-The Woodlands-Sugar Land",2012,4,126.990935534,0.038693088,131.130163676,0.038366621,123.033315094,0.034376067,125.857247591,0.042090207
"Houston-The Woodlands-Sugar Land",2013,1,129.686550887,0.053953022,133.286259919,0.037467724,125.543813084,0.054638174,128.898424438,0.063544107
"Houston-The Woodlands-Sugar Land",2013,2,134.394442421,0.069608416,137.875091149,0.068212798,130.328802277,0.068732645,133.867420451,0.072381785
"Houston-The Woodlands-Sugar Land",2013,3,137.281233195,0.084752400,140.910207728,0.081771155,133.100925233,0.080742300,136.971400429,0.091276783
"Houston-The Woodlands-Sugar Land",2013,4,138.404409881,0.089876291,142.972700996,0.090311313,134.552351102,0.093625340,137.148764153,0.089716856
"Houston-The Woodlands-Sugar Land",2014,1,141.191290171,0.088711891,145.591261504,0.092320105,136.787015801,0.089556007,140.246811038,0.088041313
"Houston-The Woodlands-Sugar Land",2014,2,145.543653708,0.082958871,149.442541228,0.083898041,142.425763357,0.092818785,144.470028425,0.079202302
"Houston-The Woodlands-Sugar Land",2014,3,148.100991335,0.078814546,153.392125867,0.088580652,144.183253147,0.083262591,146.542573500,0.069877164
"Houston-The Woodlands-Sugar Land",2014,4,149.279981418,0.078578215,154.791507983,0.082664780,145.359659092,0.080320469,147.251454958,0.073662281
"Houston-The Woodlands-Sugar Land",2015,1,150.872249316,0.068566263,157.529161101,0.081995989,147.146397268,0.075733660,147.875460864,0.054394461
"Houston-The Woodlands-Sugar Land",2015,2,154.973001419,0.064787075,162.563448135,0.087799008,151.880468578,0.066383391,150.737956185,0.043385661
"Houston-The Woodlands-Sugar Land",2015,3,155.887049345,0.052572625,164.606481280,0.073109068,152.885839632,0.060357817,150.211994203,0.025039963
"Houston-The Woodlands-Sugar Land",2015,4,155.018129038,0.038438828,164.918443321,0.065423067,151.678198236,0.043468312,148.065865403,0.005530746
"Houston-The Woodlands-Sugar Land",2016,1,156.257757618,0.035695817,167.897841228,0.065820703,152.625903857,0.037238469,147.274016272,-0.004067237
"Houston-The Woodlands-Sugar Land",2016,2,158.610382083,0.023471060,171.409601218,0.054416618,155.684685616,0.025047440,149.438267359,-0.008622173
"Houston-The Woodlands-Sugar Land",2016,3,159.220773125,0.021385508,172.987245699,0.050913939,155.953174102,0.020062907,149.475021073,-0.004906220
"Houston-The Woodlands-Sugar Land",2016,4,158.813886284,0.024485892,173.984686978,0.054974104,155.393362850,0.024493728,147.220614905,-0.005708611
"Houston-The Woodlands-Sugar Land",2017,1,159.796915267,0.022649484,175.195268444,0.043463496,156.644535787,0.026329946,147.800826708,0.003577076
"Houston-The Woodlands-Sugar Land",2017,2,162.523666034,0.024672306,178.434492370,0.040983066,159.328974710,0.023408141,151.229514088,0.011986533
"Houston-The Woodlands-Sugar Land",2017,3,162.577682509,0.021083363,179.539275817,0.037875798,159.657740480,0.023754350,150.624121280,0.007687573
"Houston-The Woodlands-Sugar Land",2017,4,161.552802920,0.017246077,179.159027722,0.029740207,158.070171656,0.017226017,148.143166290,0.006266455
"Houston-The Woodlands-Sugar Land",2018,1,162.643666059,0.017814804,181.134369156,0.033899892,159.694693866,0.019471844,147.591433084,-0.001416728
"Houston-The Woodlands-Sugar Land",2018,2,166.559837993,0.024834364,186.893373195,0.047406085,164.528952428,0.032636736,151.914357276,0.004528502
"Houston-The Woodlands-Sugar Land",2018,3,167.116159563,0.027915744,188.120870826,0.047797870,164.433296100,0.029911206,151.680486508,0.007013254
"Houston-The Woodlands-Sugar Land",2018,4,165.985102767,0.027435610,188.296950000,0.051004531,163.027560688,0.031361951,149.438167892,0.008741554
"Houston-The Woodlands-Sugar Land",2019,1,167.338577630,0.028866242,190.523451281,0.051834901,164.325397284,0.028997227,150.608739490,0.020443641
"Houston-The Woodlands-Sugar Land",2019,2,170.330046359,0.022635759,195.156245085,0.044211690,167.811829332,0.019953186,154.046050517,0.014032203
"Houston-The Woodlands-Sugar Land",2019,3,170.626410306,0.021004855,195.834714742,0.041004721,168.546361019,0.025013577,153.465384669,0.011767487
"Houston-The Woodlands-Sugar Land",2019,4,170.274850189,0.025844171,196.718814780,0.044726506,166.994078288,0.024330349,152.136170902,0.018054310
"Houston-The Woodlands-Sugar Land",2020,1,172.516538778,0.030943021,201.098503851,0.055505254,168.938884169,0.028075312,152.921035897,0.015353002
"Houston-The Woodlands-Sugar Land",2020,2,174.693064383,0.025615081,204.209904339,0.046391850,172.049932150,0.025255089,155.400869058,0.008794893
"San Antonio-New Braunfels",2013,1,100.000000000,,,,,,,
"San Antonio-New Braunfels",2013,2,102.750186039,,,,,,,
"San Antonio-New Braunfels",2013,3,103.858572403,,,,,,,
"San Antonio-New Braunfels",2013,4,104.548008852,,,,,,,
"San Antonio-New Braunfels",2014,1,105.516924781,0.055169247,,,,,,
"San Antonio-New Braunfels",2014,2,107.703117797,0.048203628,,,,,,
"San Antonio-New Braunfels",2014,3,108.480183049,0.044499077,,,,,,
"San Antonio-New Braunfels",2014,4,109.516397618,0.047522557,,,,,,
"San Antonio-New Braunfels",2015,1,111.190930474,0.053773417,,,,,,
"San Antonio-New Braunfels",2015,2,113.039039908,0.049542875,,,,,,
"San Antonio-New Braunfels",2015,3,114.319924716,0.053832336,,,,,,
"San Antonio-New Braunfels",2015,4,114.361110128,0.044237325,,,,,,
"San Antonio-New Braunfels",2016,1,115.964262660,0.042929150,,,,,,
"San Antonio-New Braunfels",2016,2,118.174841596,0.045433875,,,,,,
"San Antonio-New Braunfels",2016,3,119.647652376,0.046603666,,,,,,
"San Antonio-New Braunfels",2016,4,119.891885248,0.048362376,,,,,,
"San Antonio-New Braunfels",2017,1,121.132269621,0.044565513,,,,,,
"San Antonio-New Braunfels",2017,2,123.787740701,0.047496565,,,,,,
"San Antonio-New Braunfels",2017,3,124.613609806,0.041504846,,,,,,
"San Antonio-New Braunfels",2017,4,124.608676320,0.039342037,,,,,,
"San Antonio-New Braunfels",2018,1,126.036990890,0.040490624,,,,,,
"San Antonio-New Braunfels",2018,2,128.519571542,0.038225359,,,,,,
"San Antonio-New Braunfels",2018,3,129.807769875,0.041682125,,,,,,
"San Antonio-New Braunfels",2018,4,129.730657211,0.041104528,,,,,,
"San Antonio-New Braunfels",2019,1,131.700039072,0.044931635,,,,,,
"San Antonio-New Braunfels",2019,2,134.386081905,0.045646824,,,,,,
"San Antonio-New Braunfels",2019,3,135.083314812,0.040641210,,,,,,
"San Antonio-New Braunfels",2019,4,135.066486382,0.041130055,,,,,,
"San Antonio-New Braunfels",2020,1,136.312462122,0.035022184,,,,,,
"San Antonio-New Braunfels",2020,2,139.101131688,0.035085849,,,,,,
"Sherman-Denison",2014,1,100.000000000,,,,,,,
"Sherman-Denison",2014,2,106.364012712,,,,,,,
"Sherman-Denison",2014,3,106.468563272,,,,,,,
"Sherman-Denison",2014,4,109.663878989,,,,,,,
"Sherman-Denison",2015,1,112.506747499,0.125067474,,,,,,
"Sherman-Denison",2015,2,114.292156575,0.074537840,,,,,,
"Sherman-Denison",2015,3,117.242728816,0.101195744,,,,,,
"Sherman-Denison",2015,4,123.071651024,0.122262427,,,,,,
"Sherman-Denison",2016,1,123.547508811,0.098134214,,,,,,
"Sherman-Denison",2016,2,126.447950505,0.106357201,,,,,,
"Sherman-Denison",2016,3,133.758341434,0.140866839,,,,,,
"Sherman-Denison",2016,4,125.692923263,0.021298749,,,,,,
"Sherman-Denison",2017,1,132.546487837,0.072838207,,,,,,
"Sherman-Denison",2017,2,134.068968183,0.060269997,,,,,,
"Sherman-Denison",2017,3,138.009934748,0.031785631,,,,,,
"Sherman-Denison",2017,4,143.446435997,0.141245125,,,,,,
"Sherman-Denison",2018,1,144.873674968,0.093002744,,,,,,
"Sherman-Denison",2018,2,148.281476269,0.106008931,,,,,,
"Sherman-Denison",2018,3,152.317510616,0.103670622,,,,,,
"Sherman-Denison",2018,4,150.089546405,0.046310738,,,,,,
"Sherman-Denison",2019,1,149.504255997,0.031962887,,,,,,
"Sherman-Denison",2019,2,158.303462364,0.067587579,,,,,,
"Sherman-Denison",2019,3,160.943241430,0.056629935,,,,,,
"Sherman-Denison",2019,4,158.756929594,0.057748080,,,,,,
"Sherman-Denison",2020,1,168.378001159,0.126242193,,,,,,
"Sherman-Denison",2020,2,166.986271220,0.054849140,,,,,,
